{
	"events": [
		{
			"name": "Event1",
			"type": "treaty",
			"year": 2000,
			"subevents": [
				{
					"name": "Subevent1",
					"year": 1999
				},
				{
					"name": "Subevent2",
					"year": 2001
				},
				{
					"name": "Subevent3",
					"type": "treaty",
					"year": 2002
				}
			]
		},
		{
			"name": "Event2",
			"type": "conflict",
			"year": 1989
		},
		{
			"name": "Event3",
			"type": "conflict",
			"year": 1999
		},
		{
			"name": "Congress of Vienna",
			"type": "treaty",
			"year": 1814
		},
		{
			"name": "World War I",
			"year": 1914,
			"type": "conflict",
			"subevents": [
				{
					"name": "Battle of Verdun",
					"year": 1913
				},
				{
					"name": "Archduke assassination",
					"year": 1914
				},
				{
					"name": "Armistice of Compiègne",
					"type": "treaty",
					"year": 1918
				}
			]
		},
		{
			"name": "Partitioning of India",
			"year": 1947,
			"type": "treaty"
		},
		{
			"name": "Dissolution of the Kingdom of Italy",
			"year": 1946,
			"subevents": [
				{
					"name": "Institutional Referendum of Italy",
					"type": "vote",
					"year": 1946
				}
			]
		},
		{
			"name": "The Great Famine",
			"year": 1845,
			"type": "calamity"
		},
		{
			"name": "Great Fire of London",
			"year": 1666,
			"type": "calamity"
		},
		{
			"name": "First flight of the Concorde",
			"year": 1969
		}
	]
}